provider_id,provider_name,provider_type,county,address,npi
PRV0001,"Mullins, Strickland and Smith",Primary Care,Dallas,"340 Ware Fall, West Sabrinaside, CA 33392",2970778278
PRV0002,Lopez and Sons,Primary Care,Tarrant,"292 Randy Isle, Walkermouth, OK 53391",7956035108
PRV0003,Armstrong-Luna,Specialist,El Paso,"58542 Suzanne Shoals Apt. 959, Johnsonhaven, MD 66143",1078468333
PRV0004,Webb-Gonzalez,Specialist,El Paso,"88481 Kaitlin Roads, Port Richard, NY 03984",1334942734
PRV0005,Hill and Sons,Primary Care,Tarrant,"5491 Perry Via Suite 890, New Kristin, NM 09898",1147887610
PRV0006,Lucas-Simmons,Primary Care,Tarrant,"PSC 2836, Box 3260, APO AE 26409",3910494500
PRV0007,Molina LLC,Pediatrics,Harris,"538 Mark Gardens Suite 079, Dennismouth, MI 11858",2694120444
PRV0008,Rosario Inc,Primary Care,Tarrant,"11529 Lawrence Ports, South Anthony, CA 78737",8052393190
PRV0009,"Lynn, Franklin and Henry",Mental Health,Harris,"6245 Stephanie Lights Suite 660, West Amyville, IA 15230",2613414434
PRV0010,Harmon-Collins,Primary Care,Bexar,"9790 Williams Causeway Apt. 975, Amberberg, AL 28052",2570182756
PRV0011,Brown and Sons,Primary Care,Bexar,"3841 Bryan Village Suite 134, Port Jill, DC 40698",7732461040
PRV0012,Sanchez-Mccann,Specialist,Dallas,"35991 Sabrina Heights Suite 214, Lake Anita, VI 60307",6175972571
PRV0013,Smith and Sons,Specialist,Travis,"5380 Teresa Circles, South Georgefort, TN 26321",7804896031
PRV0014,Dunlap and Sons,Specialist,El Paso,"5719 Anderson Harbors, South Allen, OK 95060",6607476365
PRV0015,Clark and Sons,Primary Care,Bexar,"6371 Elizabeth Underpass Suite 098, Gonzalezview, PA 20589",8247416618
PRV0016,"Hanson, Harris and Garcia",Nutritionist,El Paso,"025 Kelly Lock, Herreratown, AR 27585",4847731893
PRV0017,Hunt Group,Specialist,El Paso,"83806 Barron Fork, Starkfort, NY 24215",9618955018
PRV0018,"Mejia, Kim and York",Specialist,Bexar,"195 Ellison Cape, Josephport, MO 72031",9635871190
PRV0019,"Sanchez, Cardenas and Juarez",Specialist,Tarrant,"505 Emily Avenue Suite 833, Michaelstad, OR 68502",6799288779
PRV0020,Mercer-Gates,Specialist,Dallas,"165 James Extensions, Brighthaven, DE 17958",3464625923
PRV0021,Nolan-Miller,Specialist,Dallas,"61495 David Throughway, Lake Chrisville, SC 40783",9360884594
PRV0022,"Vega, Bridges and Hicks",Specialist,Williamson,"93469 Jacob Ridge Suite 399, East Jenniferburgh, MA 11980",7600917701
PRV0023,Bonilla-Newman,Nutritionist,Bexar,"010 Douglas Trail Suite 942, West Andrewstad, AZ 95282",6842009701
PRV0024,Terry-Wu,Specialist,Williamson,"084 King Dale Apt. 920, Gregorychester, CO 21163",9449134680
PRV0025,"Rogers, Coleman and Marquez",Primary Care,Dallas,"861 Katherine Glens, Nelsonland, NV 50853",4232053036
PRV0026,"Page, Ellis and Sanchez",Primary Care,Bexar,"173 Jessica Ports, New Eddie, SC 35404",9863162
PRV0027,Gardner Inc,Specialist,El Paso,"33344 Troy Field, Laraburgh, FM 59332",17525811
PRV0028,"Erickson, Saunders and Smith",Specialist,Tarrant,"86224 Murphy Valley, South Danielstad, OH 04492",2940057904
PRV0029,Harris Ltd,Primary Care,Harris,"8003 Anderson Highway, South Tinabury, KY 08462",6339090026
PRV0030,Coleman-Curtis,Primary Care,Williamson,"5909 Garcia Bridge, Alyssabury, CA 81718",7681785785
PRV0031,Davis Ltd,Pediatrics,Williamson,"8251 Scott Port, Davisborough, VI 75714",6055257273
PRV0032,Brock LLC,Specialist,Harris,"0448 Sarah Heights Apt. 144, Butlerland, MS 93473",4248855007
PRV0033,Braun-Garza,Specialist,Harris,"212 Karen Mountains, West Robert, NC 49322",8743018133
PRV0034,Sullivan-Smith,Primary Care,Williamson,"1451 Virginia Junction, Brookeshire, AR 42654",9680080342
PRV0035,Reilly-Rodriguez,Pediatrics,Williamson,"129 Anderson Court Apt. 916, Christineberg, AS 37539",9599254751
PRV0036,Sanchez-Lambert,Primary Care,Bexar,"637 Douglas Points, Kevinberg, PW 14955",4632296691
PRV0037,James-Miller,Specialist,Tarrant,"19491 Kathryn Rapids, Davidport, NH 05364",7371066505
PRV0038,"Klein, Chavez and Jones",Primary Care,Harris,"7844 White Vista Apt. 146, South Timothytown, NV 25075",8780697887
PRV0039,Harmon and Sons,Primary Care,Travis,"64097 Steven Flat, Oconnorborough, CA 36253",8998826480
PRV0040,Smith and Sons,Nutritionist,Dallas,"063 Justin Centers Apt. 521, East Mackenzietown, AK 43079",1811151845
PRV0041,"Roach, Simmons and Lewis",Primary Care,Williamson,"5188 Michelle Route Apt. 933, Lisaport, KS 41779",1563684044
PRV0042,"Flynn, Burton and Christensen",Specialist,Tarrant,"8574 Elizabeth Tunnel Suite 159, Rosefurt, MH 26867",3405687599
PRV0043,Holmes Inc,Primary Care,Bexar,"PSC 8416, Box 2409, APO AA 35484",4872783151
PRV0044,"Freeman, Hernandez and Hall",Specialist,Dallas,"26614 Flores Trafficway Suite 726, Lake Jennifer, MD 69640",748652117
PRV0045,"Smith, Bowen and Rollins",Primary Care,El Paso,"067 Kathy Via, Traceyland, ME 30744",4515565672
PRV0046,"Burgess, Myers and Willis",Primary Care,Travis,"950 Jessica Park, South Lauraside, OK 70423",990545639
PRV0047,Mejia PLC,Nutritionist,Tarrant,"USCGC Shah, FPO AE 20362",9424346512
PRV0048,"Hughes, Walters and Rowland",Primary Care,Tarrant,"2959 Lyons Circle Apt. 817, Lake Alyssa, DC 16513",2603848946
PRV0049,Rodriguez and Sons,Primary Care,Hays,"761 Benjamin Cape, North Christopher, LA 71323",4807778574
PRV0050,"Martin, White and Mann",Primary Care,Tarrant,"23743 Michael Square, New Benjamin, TN 55843",3962322580
PRV0051,"Simon, Morgan and Thompson",Pediatrics,Travis,"44054 Kelly Crossing, Margaretland, DE 81250",4276917214
PRV0052,Stark-Hansen,Specialist,Williamson,"884 Cole Mount, New Jasonborough, AZ 56542",8023766540
PRV0053,Burton-Day,Primary Care,Travis,"989 James Underpass, North Nancystad, FL 65983",4567914408
PRV0054,Hale and Sons,Nutritionist,Travis,"6209 Tyler Extension Apt. 114, Huntertown, AZ 83734",5874278736
PRV0055,"West, Gonzales and Hughes",Specialist,Williamson,"75933 Eric Highway, Greeneton, IN 42353",8278014871
PRV0056,Smith-Wheeler,Primary Care,El Paso,"Unit 8671 Box 3672, DPO AE 61225",245120450
PRV0057,"Shea, Johnson and Lowe",Primary Care,Tarrant,"94039 Darren Stream Suite 794, North Brandonburgh, MN 17340",3951712035
PRV0058,Hobbs Group,Pediatrics,Bexar,"65735 Tammy Tunnel, Williamsburgh, VA 55974",8027923615
PRV0059,Walls-Mendez,Specialist,Hays,"33119 Rowe Fork, Randytown, TX 04632",7522842020
PRV0060,Cohen-Carroll,Specialist,Hays,"USNV Harvey, FPO AA 44851",5728355564
PRV0061,Green-Hogan,Primary Care,Harris,"123 Joseph Fields Apt. 260, West Jessicaland, OK 40313",1123713364
PRV0062,Maldonado-Flowers,Mental Health,Dallas,"4913 Lisa Neck, Jeffreybury, AR 40827",9115861509
PRV0063,Harrell-Morrison,Specialist,El Paso,"753 York Ridges, East Jacquelineville, MI 43891",2025706221
PRV0064,Santiago-Burgess,Primary Care,Hays,"23998 Ashley Islands Suite 690, Jacksonton, UT 01902",9931713597
PRV0065,"Erickson, Page and Jones",Specialist,El Paso,"19325 Davis Crossroad Suite 765, West Meredith, WA 55364",9421311517
PRV0066,Navarro PLC,Primary Care,Bexar,"5909 Copeland Rapid, Port Jessica, RI 36035",9844732577
PRV0067,Hunter LLC,Primary Care,El Paso,"84849 Kaitlin Lodge, New Kellymouth, FM 13129",9869966831
PRV0068,Young Ltd,Mental Health,Travis,"3150 Carlson Track, New Melissa, SD 53025",5723004980
PRV0069,Waters Group,Primary Care,Tarrant,"09186 Allison Burgs, Rodneyburgh, KY 57886",3207428137
PRV0070,"Travis, Martinez and Phillips",Pediatrics,Dallas,"1108 Lindsay Neck Suite 375, South Michael, WI 76460",7858092355
PRV0071,Travis-Bowers,Primary Care,Dallas,"59300 Lester Parkways Apt. 819, Maryville, DE 48119",2751081743
PRV0072,Guzman Ltd,Specialist,Dallas,"101 Cody Pass, East Donald, MI 29499",8426790182
PRV0073,"Cruz, Baker and Kaiser",Primary Care,Tarrant,"0609 Sarah Plain, East Lauraview, AR 17812",2888993335
PRV0074,Chandler-Martin,Specialist,Hays,"13800 John Plains Suite 323, Michellefort, LA 73118",1891659298
PRV0075,Proctor-Luna,Primary Care,Williamson,"5329 Martin Burgs Apt. 757, Wesleyfort, RI 66038",9305143661
PRV0076,"Keller, Robertson and Johnson",Specialist,Harris,"50828 Diana Island Apt. 136, Lynchmouth, SD 96451",1913649995
PRV0077,"Castillo, Rodriguez and Mason",Specialist,Harris,"95971 Gabriel Street, Taylorport, TX 85003",2763345777
PRV0078,Sanchez-Reynolds,Specialist,Bexar,"18478 Fox Heights, Adamland, SD 24939",3066034980
PRV0079,Mercer-Owens,Primary Care,Harris,"231 Shelton Club Suite 262, Sandovalside, HI 32620",6007887332
PRV0080,Perkins LLC,Mental Health,Tarrant,"594 Elizabeth Squares Suite 652, New Thomasfort, WV 17342",3647706490
PRV0081,Williamson LLC,Mental Health,Bexar,"70518 Norton Fields Apt. 458, West Antonioside, TX 67683",868575313
PRV0082,"Miller, Warren and Whitehead",Primary Care,Harris,"7822 Debbie Glen, Tamarastad, VT 12726",6574395827
PRV0083,Perkins-Simpson,Primary Care,Travis,"76766 Ryan Station Apt. 942, Jamesberg, GU 04090",2265522795
PRV0084,Figueroa-Lee,Specialist,Travis,"4931 Gonzalez Knoll, Port Elizabeth, RI 43227",6969913164
PRV0085,Johnson and Sons,Mental Health,Travis,"203 Thomas Drive Suite 269, Port Mario, CO 77431",3729617393
PRV0086,"Turner, Reed and Kennedy",Primary Care,Harris,"987 Karen Villages, East Angela, FM 91816",1845032103
PRV0087,Thomas Group,Specialist,Travis,"9914 Bryant Row, Roberthaven, NH 29683",8834462827
PRV0088,King LLC,Specialist,Travis,"297 Smith Plains Suite 488, Port Johnshire, VI 56347",2827768187
PRV0089,Barton Ltd,Primary Care,Bexar,"185 Jasmine Plain, North Heatherland, FL 89055",621899135
PRV0090,Rogers PLC,Primary Care,Hays,"517 Klein Hill, South Nicolehaven, MO 36840",879917560
PRV0091,Price-Bridges,Primary Care,Tarrant,"53438 Carrie Trail, Kristafort, CA 64863",4237427032
PRV0092,Long Inc,Specialist,Bexar,"64344 Ruth Forges Apt. 862, Lake Andreaport, OR 33141",1261671522
PRV0093,Woods-Watson,Primary Care,Travis,"Unit 9660 Box 8963, DPO AP 77534",2552060052
PRV0094,Burke-Mccoy,Primary Care,Bexar,"08217 Elliott Views Apt. 359, Kramerchester, KY 36588",6048575009
PRV0095,"Adams, Potter and Bell",Primary Care,Williamson,"31820 Melissa Forks Suite 420, Alexisbury, MI 87885",332543784
PRV0096,"Woods, Kemp and Ross",Pediatrics,Dallas,"27949 Cherry Motorway Suite 727, Ginafort, PA 10928",2525028199
PRV0097,Holt-Newman,Primary Care,Travis,"491 Aguirre Greens, West Amandafort, MI 77738",4087311821
PRV0098,Sanders LLC,Primary Care,Williamson,"USNV Jones, FPO AP 25849",3359606590
PRV0099,Flores-Horn,Specialist,Harris,"6518 Cummings Junction, South Lauriemouth, TN 91049",1782449903
PRV0100,Bryant-Gardner,Primary Care,Tarrant,"71494 Mcmahon Extension Apt. 529, Barnesfort, AR 47779",1017987812
PRV0101,Ward-Wilkins,Nutritionist,Hays,"7737 Franco Radial, East Emilybury, TN 72947",3503138297
PRV0102,"Gonzales, Rhodes and Williams",Pediatrics,Dallas,"Unit 7403 Box 2912, DPO AE 58234",1184746649
PRV0103,"Benitez, Brown and Martinez",Specialist,Tarrant,"PSC 0485, Box 8721, APO AA 92211",8838473492
PRV0104,Delacruz-Castaneda,Specialist,El Paso,"128 Lisa Course, Walkermouth, PW 43714",8430038210
PRV0105,"Smith, Miranda and Brown",Pediatrics,Hays,"8224 Casey Courts Suite 637, Malonefurt, VA 93169",4052408896
PRV0106,"Perry, Phillips and Davis",Primary Care,Travis,"75357 Little Park, Davidchester, DE 33696",4646254294
PRV0107,Young PLC,Pediatrics,Tarrant,"9804 Gonzalez Lights, Maryberg, AS 97332",2409429219
PRV0108,Day-Johnson,Specialist,Williamson,"9704 Matthew Underpass Suite 839, West Kenneth, ND 68769",2287790286
PRV0109,"Williams, Thompson and Montoya",Specialist,Hays,"Unit 0789 Box 6832, DPO AA 39644",4357908874
PRV0110,Dunlap LLC,Mental Health,Tarrant,"84956 Hunter Village, Davidbury, IA 48077",809190010
PRV0111,Sanford-Reid,Mental Health,Bexar,"13699 Stacey Valley Apt. 640, South Michael, MN 68339",8903988930
PRV0112,Ingram-Johnson,Specialist,Tarrant,"2123 Daniel Flat, Cherryland, NE 98493",3187018626
PRV0113,Rogers Group,Primary Care,Bexar,"4055 Bridges Court, Lake Andrewbury, NM 69950",3197462819
PRV0114,"Gates, Houston and Rosario",Primary Care,Bexar,"1985 Anne Oval Suite 670, Bushfurt, NE 29694",7812977620
PRV0115,"White, Diaz and Cole",Primary Care,Hays,"56675 Wright Estates, Barbaraport, PA 48554",5235948320
PRV0116,Farrell and Sons,Mental Health,Bexar,"7320 Brandon Glens, Woodside, MN 70528",4743197604
PRV0117,Welch Group,Specialist,Bexar,"434 Ramos Flats Suite 773, West Ashley, MT 24358",5735028100
PRV0118,Guzman-Padilla,Nutritionist,Tarrant,"USNV Carroll, FPO AP 13842",2874818098
PRV0119,"Davidson, Sanchez and Bright",Primary Care,Williamson,"1673 Armstrong Corners Suite 611, Lake Tanyashire, MT 23218",1569303589
PRV0120,Meyers-Dunn,Mental Health,Hays,"08826 Bailey Corner, Matthewton, MD 36808",9886695647
PRV0121,Hale PLC,Primary Care,Travis,"49637 Briggs Spur Suite 290, New Williamberg, MP 90323",7032454554
PRV0122,Walker PLC,Primary Care,El Paso,"378 Carlson Groves, West Jamesstad, AR 65655",2478970363
PRV0123,"Smith, Morris and Robinson",Mental Health,Hays,"915 Jon Valleys Apt. 785, Port Dorothy, NM 35914",9105399569
PRV0124,Brown-Pitts,Primary Care,Tarrant,"6144 Snyder Junction, Port Joshuaberg, PR 32531",2993614402
PRV0125,Sanders Ltd,Mental Health,Travis,"934 Buchanan Brook Suite 305, Anthonyborough, NY 01555",943206652
PRV0126,Hobbs-Pitts,Specialist,Travis,"45361 Burnett Pass Suite 962, Michellefurt, NJ 42283",5202756136
PRV0127,Wood-Hess,Primary Care,Tarrant,"1723 James Roads, Jamesview, NC 01707",7082564040
PRV0128,"Mckee, Ortiz and Larson",Nutritionist,Dallas,"794 Duke Inlet Suite 793, Haynesmouth, MT 18104",9493728512
PRV0129,Kirk-Murray,Nutritionist,Hays,"1666 Cheryl Parkways Apt. 138, Lake John, MH 53287",1482795748
PRV0130,"Ellis, Collins and Chen",Primary Care,Travis,"94982 Johnson Trail, West Jesse, WI 26407",3859645912
PRV0131,Richmond Ltd,Primary Care,Tarrant,"25061 Lawson Fall, Port Michael, TN 27223",503790869
PRV0132,Hardy Group,Mental Health,Bexar,"16117 Eric Course, Schaeferfurt, NJ 25495",461938458
PRV0133,Johnson Inc,Mental Health,Tarrant,"02572 Rios Views Apt. 378, Cruzhaven, AL 91258",3485008617
PRV0134,"Chambers, Willis and Rivera",Mental Health,Bexar,"30278 Jack Street Apt. 484, Kennethstad, HI 89229",709874092
PRV0135,"Malone, Webster and Jackson",Primary Care,Tarrant,"85046 Price Gateway, Christinemouth, WY 06225",9813387728
PRV0136,"Horn, Thomas and Martin",Pediatrics,Tarrant,"Unit 9362 Box 6868, DPO AA 49197",1789010852
PRV0137,"Anderson, Kline and Patterson",Specialist,Hays,"910 Castro Stream Suite 250, Dunnshire, NJ 18597",7811818708
PRV0138,"Bishop, Rice and Davis",Primary Care,Travis,"64559 Robert Forest Apt. 896, New Rachel, NM 89015",5257333954
PRV0139,"Saunders, Dean and Kennedy",Pediatrics,Dallas,"07307 Rachel Camp, Sandrabury, GA 35888",2844905856
PRV0140,Russell Ltd,Primary Care,Harris,"7132 Edwards Branch Apt. 606, Williamview, NH 00550",7983531606
PRV0141,"Ross, Nunez and Pacheco",Specialist,Harris,"31097 Bush Vista, Zamoraborough, PW 32803",9990635854
PRV0142,David Group,Specialist,Dallas,"120 Katrina Coves, Gonzalezberg, GU 51486",1103506576
PRV0143,Perry Inc,Primary Care,Travis,"715 Reyes Pike Suite 512, West Kristiefort, CA 78021",3520228210
PRV0144,"Brown, George and Benson",Primary Care,Harris,"96033 Ryan Streets Apt. 751, Rangelland, AS 58162",9318130753
PRV0145,"Silva, May and Baker",Primary Care,Bexar,"2997 Thomas Isle, Jameshaven, KS 45661",5214631398
PRV0146,Zimmerman-Martinez,Primary Care,Tarrant,"619 Jesse Highway Suite 233, Kathleenborough, OR 15123",5784315044
PRV0147,Nelson-Johnson,Mental Health,Travis,"6055 Mercado Tunnel Suite 220, Sanchezville, KS 16031",4718577700
PRV0148,Morgan-Christensen,Primary Care,Tarrant,"704 Chung Trafficway, New Kathryn, CT 02383",6316477052
PRV0149,"Fernandez, Anderson and Duran",Primary Care,Hays,"8713 Jennifer Pines, Jamesville, VA 90671",4303786769
PRV0150,"Carroll, Reed and Vaughn",Specialist,Harris,"0273 Brian Camp Apt. 019, Lake Robert, PW 29027",3644255605
PRV0151,Wilson-Arnold,Primary Care,Harris,"78113 Wood Walk Suite 891, Schwartzmouth, CA 03142",3846901381
PRV0152,"Simpson, White and Benton",Nutritionist,Hays,"37456 Dorothy Mountains, Port Raymond, IN 88639",2539560835
PRV0153,Phillips Ltd,Mental Health,Hays,"2781 Timothy Creek Suite 925, West James, TN 69219",2453751567
PRV0154,"Perkins, Lawson and Martin",Specialist,Dallas,"26137 Cooley View, North Francis, VA 74310",4344570928
PRV0155,Coleman LLC,Specialist,Bexar,"0851 Michelle Alley Apt. 536, Perrytown, MD 49750",4763807412
PRV0156,Hughes LLC,Pediatrics,Travis,"8506 Martinez Summit Suite 167, Martinport, SD 90524",6872326251
PRV0157,Reese-Henson,Primary Care,Dallas,"Unit 0098 Box 4495, DPO AP 48126",3476383532
PRV0158,Reynolds Ltd,Specialist,Bexar,"302 Lindsay Station, West Keithmouth, MO 00851",601749450
PRV0159,Gay Ltd,Primary Care,Travis,"4387 Adrian Lakes, North Danielville, MT 73230",1035294859
PRV0160,Daniels-Johnson,Primary Care,Bexar,"38117 Colton Expressway Apt. 643, East Elizabethbury, OR 31122",5307436336
PRV0161,Meyer and Sons,Nutritionist,Dallas,"354 Justin Knolls, North Martin, MO 99213",907079995
PRV0162,Foster-Johnson,Primary Care,Harris,"275 Tammy Square, New Robert, NE 55280",9155523171
PRV0163,Carroll Group,Primary Care,Travis,"693 Brittney Shores, Marquezland, WY 47036",4471588753
PRV0164,"Schultz, Miller and Peterson",Nutritionist,Dallas,"9520 Jessica Street Apt. 948, Port Jamie, MN 34303",5319714162
PRV0165,Soto-Booth,Specialist,Dallas,"PSC 8195, Box 8384, APO AE 50959",2717991064
PRV0166,"Williams, Clayton and Davidson",Specialist,Bexar,"336 Mariah Junctions Apt. 549, North Taylorland, PW 23266",5171848156
PRV0167,"Hernandez, Garcia and Brock",Mental Health,El Paso,"53620 Harris Dale Suite 534, East Jennifer, FL 99828",7042252068
PRV0168,"Hicks, Fox and Tate",Primary Care,Tarrant,"341 Roberts Forge, Emilyborough, MP 88753",2033265452
PRV0169,"Morgan, Brown and Gardner",Mental Health,Tarrant,"6345 Ryan View, Stephaniehaven, AL 09200",6240564778
PRV0170,Bradley-Harris,Specialist,Williamson,"18755 Melissa Hills Apt. 595, Cynthiachester, CO 78808",1307313641
PRV0171,West Inc,Specialist,El Paso,"25031 Carter Brooks, Beanport, ME 14470",1048767524
PRV0172,Johnson-Moore,Mental Health,Hays,"9312 King Port Suite 831, East Debrahaven, ID 52294",2373885133
PRV0173,"Costa, Johnson and Cervantes",Specialist,Tarrant,"5639 Ward Forest, Frankmouth, PR 98742",6688704696
PRV0174,Nolan-Fitzgerald,Primary Care,El Paso,"670 Garcia Hills, Danielside, OK 05623",8241037853
PRV0175,"Hamilton, Stevens and Smith",Nutritionist,Williamson,"522 Crosby Plains Apt. 038, New Frankshire, PW 50292",2951322080
PRV0176,Hill-Walters,Primary Care,Williamson,"08973 Zimmerman Union Suite 616, South Aprilbury, AK 33289",8744215413
PRV0177,Ramos PLC,Mental Health,Travis,"917 Eddie Burgs, Lake Amandatown, MH 03176",5909674256
PRV0178,Duran Ltd,Mental Health,Travis,"69312 James Knoll Apt. 292, South Emilyfort, LA 52710",7652074281
PRV0179,Smith-Morgan,Pediatrics,Tarrant,"2071 Banks Glens, Lake William, NH 01629",5919428224
PRV0180,Ellis Inc,Specialist,Williamson,"0382 Antonio Radial Apt. 419, Schmidtfort, MO 76031",2905895795
PRV0181,Bryant Ltd,Mental Health,Hays,"5476 Farmer Route, East Markland, CT 67492",1694027426
PRV0182,"Fisher, Sandoval and Perez",Primary Care,Tarrant,"5142 Joshua Lock, Petersonview, WY 32674",4815447228
PRV0183,"Campbell, Anderson and Oneill",Nutritionist,Williamson,"7134 Kendra Mountain, South Audrey, UT 90338",5887021818
PRV0184,Hale LLC,Primary Care,Bexar,"88785 Erica Loaf Apt. 768, Johnburgh, MO 19053",7715984876
PRV0185,English-Lara,Pediatrics,Travis,"17527 Berger Divide, Hollyberg, LA 58391",6464129408
PRV0186,Walker Group,Primary Care,Harris,"45924 Gilbert Bridge Apt. 367, South Jill, MH 65542",3046083161
PRV0187,"Fleming, Moss and Levine",Pediatrics,Bexar,"6484 Steele Estate, West Jonathan, WY 28842",5536837825
PRV0188,Melton Inc,Mental Health,El Paso,"8288 Bailey Extension Suite 051, Jasmineview, WV 04499",9279119366
PRV0189,Cuevas PLC,Primary Care,Williamson,"741 Cummings Turnpike, New Amy, AK 83274",1395211788
PRV0190,Hardy-Smith,Specialist,El Paso,"4414 Diane Isle Suite 709, Toddburgh, MP 18251",9801050879
PRV0191,Powell-Thomas,Primary Care,Travis,"434 Molly Crescent, Stephenland, NH 49356",8580383112
PRV0192,"Rodriguez, Davis and Randall",Primary Care,Harris,"840 Mahoney Cliff, Barrettberg, NC 65407",6226273684
PRV0193,Harris-Hines,Primary Care,Williamson,"0182 Tiffany Road Apt. 434, Port Melaniemouth, NC 94846",1702144799
PRV0194,Smith-Lawson,Mental Health,Travis,"78132 Aguilar Stravenue Suite 932, Millershire, NV 84541",4353241332
PRV0195,"Miller, Joseph and Jenkins",Primary Care,Harris,"59540 Copeland Streets, Lopezview, CA 76931",2539764855
PRV0196,Dunlap and Sons,Primary Care,Hays,"1025 Leah Via Suite 454, North Timothyfurt, CO 48742",9153424287
PRV0197,Sanchez-Garcia,Primary Care,Travis,"4020 Theresa Lane, Edwardsberg, NV 57458",9626065791
PRV0198,Buckley Group,Mental Health,Bexar,"USS Luna, FPO AA 61080",893993147
PRV0199,"Moore, Scott and Gonzalez",Primary Care,Dallas,"58978 Mullen Island, South Richard, VT 58694",6618975033
PRV0200,"Morris, Arnold and Montgomery",Specialist,Harris,"56652 Mary Glen Apt. 526, Maryland, UT 43126",7148662949
PRV0201,"Hill, Barnes and Velez",Primary Care,Bexar,"27636 Bob Lakes, South Tylerland, MD 41654",8052936774
PRV0202,Strong-Park,Specialist,Hays,"15793 Richard Hollow Apt. 114, Cherylfort, SD 04347",9756932680
PRV0203,Myers and Sons,Specialist,Bexar,"923 Mary Locks Apt. 414, Michaelmouth, PA 09493",7265513569
PRV0204,"Rice, Wilson and Archer",Primary Care,Williamson,"69972 Laura Ridges, Brandihaven, OH 66934",1296685428
PRV0205,Davis-Johnson,Specialist,Harris,"61825 Matthew Junction, East Kimberlyport, UT 22306",3580074605
PRV0206,Molina LLC,Primary Care,Tarrant,"351 Larson Cliff Apt. 636, South Masonmouth, AS 01726",4120347465
PRV0207,Stafford Group,Primary Care,Bexar,"732 Nelson Field, Lake Kevin, OH 32182",5130971417
PRV0208,"Morris, Gilbert and Reed",Pediatrics,Williamson,"USNS Garza, FPO AA 87251",626296318
PRV0209,Bailey-Lopez,Primary Care,Dallas,"Unit 0625 Box 0431, DPO AE 91701",8259972709
PRV0210,Washington Ltd,Primary Care,El Paso,"212 Nancy Hill, Stephanieton, MS 61392",7259404495
PRV0211,Farmer-Chapman,Pediatrics,Dallas,"1617 James Passage Apt. 296, Andrewborough, DE 69407",1605853096
PRV0212,Velez-Armstrong,Primary Care,Williamson,"16910 Douglas Dam, Alanfort, CT 73617",6356857280
PRV0213,Sullivan-Castro,Primary Care,Williamson,"5072 Jason Haven Suite 475, South Ashley, CA 47075",7604608652
PRV0214,Ramirez-Barnes,Primary Care,Harris,"40448 Kathy Highway Apt. 268, East Allisonborough, RI 43807",836057168
PRV0215,"Solis, Kane and Vargas",Pediatrics,Tarrant,"13154 Rodriguez Springs Suite 295, Holmesburgh, IA 17599",2976479744
PRV0216,Ruiz-Miller,Nutritionist,Travis,"3848 King Lodge Apt. 916, Kimberlyton, SC 36836",479375226
PRV0217,Ryan Ltd,Nutritionist,El Paso,"6489 Dunn Rest, Edwardmouth, SD 10361",9765776131
PRV0218,"Aguirre, Adams and Mcgee",Pediatrics,Dallas,"146 Rachael Villages Apt. 135, Mullinsshire, SD 15241",1803971437
PRV0219,"Smith, Juarez and Francis",Specialist,El Paso,"7350 Mary Throughway Suite 020, New Robertshire, ND 20769",3799000931
PRV0220,Jones-Bauer,Primary Care,Williamson,"Unit 6857 Box 0541, DPO AA 60077",1692812201
PRV0221,Marshall-Olson,Primary Care,Dallas,"75066 Cobb Walks Apt. 059, Millerport, WV 11669",7051647237
PRV0222,Andrade and Sons,Primary Care,Dallas,"68443 Monique Park Apt. 334, West Andrea, AL 59573",4487221105
PRV0223,Alexander LLC,Primary Care,Dallas,"462 Love Rapid, East Elizabethport, NY 83724",4796699962
PRV0224,"Davis, Phillips and Mills",Primary Care,Harris,"659 Richard Squares, Morganhaven, MI 05835",3999413013
PRV0225,Scott-Howard,Mental Health,Bexar,"Unit 6447 Box 6517, DPO AP 95034",7036493143
PRV0226,Aguirre LLC,Primary Care,Tarrant,"725 Fowler Drives, Dianetown, PR 67599",7754005650
PRV0227,"Allen, Russo and Yang",Primary Care,Tarrant,"4819 Melissa Heights Apt. 137, West Deanna, VI 92006",5610086568
PRV0228,"Hutchinson, Wells and Yang",Mental Health,Bexar,"11515 Alex Crescent Apt. 775, Stephanieport, NM 75248",5756887575
PRV0229,Morgan Group,Primary Care,Harris,"425 Brown Mills, West Scottview, ND 12057",6841988273
PRV0230,"Boone, Wilson and Blake",Specialist,Williamson,"7277 Susan Falls Suite 907, Mendozafurt, CT 10046",9975761102
PRV0231,Fuller-Smith,Specialist,Dallas,"033 Amber Meadows, North Joshua, NY 06626",500643023
PRV0232,Sampson-Curtis,Mental Health,Bexar,"199 Tyler Mission, Angelaland, TN 30826",201922075
PRV0233,Moore Ltd,Primary Care,Williamson,"2422 Christopher Mission, Lake Stephanie, TN 82808",9059766791
PRV0234,"Ross, Estrada and Porter",Nutritionist,Tarrant,"37088 Kyle Estates, Joshuafort, IL 99048",9969399906
PRV0235,"White, Spencer and Harrell",Mental Health,Dallas,"PSC 9505, Box 5050, APO AP 09689",697761780
PRV0236,Thomas-Brown,Pediatrics,Tarrant,"0897 Guzman Streets, Lake Joseph, OR 98003",6406987860
PRV0237,"Butler, Levy and Myers",Primary Care,El Paso,"35363 Brandt Summit, Conwayhaven, KS 15060",674520456
PRV0238,Allen-Kaiser,Nutritionist,Bexar,"3792 Nicole Forest, Greenefort, WY 90161",5567324594
PRV0239,"Barnett, Johnson and Juarez",Specialist,Hays,"082 Tina Ramp Suite 151, Aaronchester, NM 07109",2307128650
PRV0240,Boyd LLC,Mental Health,Bexar,"3471 Rachel Shore Apt. 597, Bryanview, MI 43867",6902030935
PRV0241,Taylor PLC,Primary Care,Bexar,"05282 Garrett Stream, Kellerborough, MT 75391",4763912067
PRV0242,"Dunlap, Lawson and Curry",Primary Care,Dallas,"396 Lisa Trace, Port Lisachester, MH 78887",9895356344
PRV0243,Nicholson-Williams,Specialist,Dallas,"10307 Harvey Plaza Apt. 648, Joshuaside, GA 71920",1606936074
PRV0244,Duarte-Williams,Specialist,Travis,"4720 Wilson Meadow, Lake Brandon, AL 45030",5341833585
PRV0245,Lambert-Chapman,Nutritionist,Williamson,"2623 Heath Summit, North Johnberg, WA 08315",8760236333
PRV0246,Davis-Cook,Primary Care,Dallas,"12420 Knox Mountain, Terrystad, CO 75498",9185951210
PRV0247,Underwood Ltd,Primary Care,El Paso,"8812 Ford Tunnel Apt. 517, Hillshire, MO 67055",8007828719
PRV0248,Hill-Robinson,Primary Care,Dallas,"7745 Richmond Road Apt. 548, West Maliktown, OK 54370",8051576972
PRV0249,"Robinson, Davis and Espinoza",Primary Care,Hays,"712 Theresa Park Suite 889, West Lisaborough, NJ 36493",6689871446
PRV0250,"Lopez, Dominguez and Burns",Primary Care,Williamson,"327 Christopher Key, Gonzaleztown, IL 84686",8019061949
PRV0251,"Hood, Fernandez and Gilbert",Primary Care,Williamson,"65358 Hughes Station, West Dylanport, VI 28492",8790681706
PRV0252,Davis PLC,Pediatrics,Harris,"0579 Morris Estate Suite 366, Michaelland, WY 97649",179370687
PRV0253,Harper-Stevens,Mental Health,Travis,"389 Joe Coves, Wileyview, FL 40280",9140915367
PRV0254,Peterson LLC,Specialist,Williamson,"4358 Cole Trafficway, Wheelerland, ME 84642",3684034767
PRV0255,Brown Group,Pediatrics,Dallas,"863 Fowler Turnpike Apt. 400, West Bruce, MT 75926",9909268660
PRV0256,Jennings-Irwin,Nutritionist,Tarrant,"501 Savannah Mount Suite 244, Danielport, IA 26647",538549552
PRV0257,Green Group,Pediatrics,Dallas,"50837 Bryan Glen Apt. 059, Lake Williamport, ND 12527",8094532441
PRV0258,"Ball, Rice and Espinoza",Nutritionist,Bexar,"34306 Kevin Isle, Lake Paul, MD 62005",1861223828
PRV0259,Nicholson-Simmons,Primary Care,Travis,"Unit 3650 Box 1142, DPO AE 45039",2099157635
PRV0260,Booker-Reynolds,Specialist,Hays,"392 Karla Motorway, Tiffanyton, GU 65695",8302048115
PRV0261,Myers PLC,Nutritionist,Tarrant,"21353 Amy Lodge Apt. 178, Grantbury, AK 54680",5746995146
PRV0262,Foster-Chaney,Primary Care,Travis,"269 Collins Wells, Alvaradobury, IN 45044",588116056
PRV0263,Wheeler-Hayes,Pediatrics,Tarrant,"Unit 9249 Box 1083, DPO AP 88889",9850687766
PRV0264,Hall Group,Mental Health,Tarrant,"80794 Evans Divide Suite 419, North James, GU 07787",3092156379
PRV0265,Sanford Ltd,Mental Health,Travis,"8966 Avila Shore, Garciabury, WI 10252",386412145
PRV0266,Sweeney Group,Pediatrics,El Paso,"599 Tina Forks Apt. 526, West Charlenebury, NY 15232",2005773688
PRV0267,"Fuentes, Owens and Proctor",Pediatrics,Travis,"410 Todd Coves, Wattshaven, MH 36115",3542014260
PRV0268,Jennings-Gonzalez,Primary Care,Travis,"2901 Hall Shores Apt. 291, Collinstown, KS 60525",9301152813
PRV0269,"Woods, Miller and Dean",Specialist,Tarrant,"4600 Bennett Oval Suite 957, West Bradleychester, GA 68105",4977643171
PRV0270,Johnson PLC,Primary Care,Dallas,"390 Elizabeth Common, Davidburgh, OH 11412",9451727808
PRV0271,Hart PLC,Mental Health,Travis,"115 Tony Plaza, East Garrett, AK 77084",4512014462
PRV0272,Tate Group,Primary Care,Dallas,"Unit 2449 Box 6767, DPO AA 87070",5816473639
PRV0273,Tucker-Smith,Nutritionist,Bexar,"0760 Woodard Ferry, North Adam, NC 85360",3782357670
PRV0274,Woods-Zimmerman,Primary Care,Bexar,"399 Charles Rue, Mossside, VI 89914",6221419811
PRV0275,"David, Smith and Jones",Nutritionist,Tarrant,"06927 Bowman Islands Suite 878, Meganview, MA 78282",6350533292
PRV0276,Trujillo Group,Specialist,Williamson,"8024 Moore Mills Suite 373, Lake Dawn, UT 14817",4453386300
PRV0277,Duke Ltd,Specialist,Dallas,"426 Walsh Court, Riveraport, PW 28716",6765600455
PRV0278,"Ayala, Fitzgerald and Lopez",Primary Care,Bexar,"PSC 0453, Box 1500, APO AP 24638",5224765191
PRV0279,Frey Group,Primary Care,Hays,"773 Steve Spur, East Kelly, NM 50670",9119235149
PRV0280,Mcdonald-Lowe,Primary Care,Dallas,"5612 Colton Street Apt. 622, Port Cody, FM 18303",7604559092
PRV0281,French-Bishop,Pediatrics,Travis,"817 Hall Mission, New Kayla, MI 63734",4495963546
PRV0282,Martinez-Werner,Primary Care,Dallas,"7280 Clark Walks, Chadfurt, UT 47092",9814388739
PRV0283,Morton-Hill,Specialist,El Paso,"Unit 0617 Box 8454, DPO AA 31665",8844467718
PRV0284,Roberts-Long,Nutritionist,Williamson,"5199 Mathew Burg, Lake Monicaland, NJ 99707",4269353869
PRV0285,"Robinson, Wallace and Mcgrath",Specialist,El Paso,"87407 Jacqueline Gardens Suite 980, Jessicamouth, MH 02549",505539102
PRV0286,"Gallegos, Reed and Rodriguez",Specialist,Hays,"558 Carla Overpass, Lake John, WV 29102",978147816
PRV0287,Lewis Inc,Primary Care,Bexar,"0939 Kevin Orchard Apt. 336, East Sara, CO 59088",2501869325
PRV0288,Schmidt Ltd,Pediatrics,Williamson,"6767 Patterson Mills, North Anthonyton, FL 07273",663820851
PRV0289,"White, Lee and Peterson",Specialist,Dallas,"167 Roberts Hollow Suite 615, North Michelle, MH 46802",6981665210
PRV0290,Weaver Ltd,Mental Health,Harris,"76113 Timothy Run Apt. 406, Port Jesse, OH 28861",3201257712
PRV0291,Beasley and Sons,Pediatrics,Williamson,"20993 Katherine Dam, Craigchester, NV 98837",7932311928
PRV0292,Luna LLC,Primary Care,Hays,"21265 Adrian Plaza, Haynestown, PR 16079",8198138529
PRV0293,Mullins and Sons,Pediatrics,Dallas,"73463 Martinez Ridges Suite 153, Erinbury, NM 63315",8068553404
PRV0294,Krause-Hernandez,Specialist,Harris,"03687 Williams Radial, South Paulton, CO 02917",9069476016
PRV0295,Gonzales PLC,Nutritionist,Tarrant,"5714 Brittany Garden Suite 129, Benjaminview, SD 73676",9129845190
PRV0296,Galvan-Sanders,Mental Health,Harris,"57167 Santiago Forge, Craneton, ND 46252",5670648883
PRV0297,Carpenter LLC,Mental Health,El Paso,"4734 Hall Path Suite 433, Brownmouth, MA 98485",7248883149
PRV0298,Carter LLC,Nutritionist,Dallas,"8882 Wallace Wall, Alanburgh, CO 87723",7587618577
PRV0299,Perkins Group,Pediatrics,Harris,"1761 Keith Manors Suite 551, Lauramouth, CT 65083",5684773588
PRV0300,Peters PLC,Pediatrics,Hays,"459 Jesse Stream Apt. 354, Jasonview, NC 45104",2486079216
PRV0301,Dennis and Sons,Pediatrics,Harris,"893 Mills Springs Suite 972, North James, NJ 47482",2570329405
PRV0302,Wilson and Sons,Pediatrics,Williamson,"2378 Adam Forges, Jenniferstad, SC 28563",7953713470
PRV0303,"Welch, Green and Conley",Nutritionist,El Paso,"7611 Kelly Rest Apt. 422, Stevensshire, ME 26353",9950212524
PRV0304,Walker-Barber,Specialist,Dallas,"16507 Priscilla Ports, Brianborough, HI 72828",46694878
PRV0305,"Hicks, Wilson and Walker",Primary Care,Bexar,"9252 Rodriguez Passage, Wardborough, TN 60721",6336369717
PRV0306,Nelson-Roberts,Specialist,Bexar,"1001 Judy Greens, East Jenniferberg, TX 61676",8931392215
PRV0307,Henderson LLC,Primary Care,Dallas,"751 Brown Ville, Martinezshire, NE 87066",4471888426
PRV0308,Lawrence-Crosby,Mental Health,El Paso,"356 Jodi Shore, Lake Susan, WY 66549",6662457813
PRV0309,Beard-Sanchez,Pediatrics,Dallas,"708 Li Views, West Christina, AL 03042",3331405081
PRV0310,Richardson-Logan,Primary Care,Travis,"559 James Vista Apt. 983, South Annaville, AK 52386",1750939288
PRV0311,Valencia and Sons,Primary Care,Travis,"0630 Kevin Plain Apt. 364, Jamesland, SC 16651",9834350732
PRV0312,Ferrell Inc,Primary Care,Travis,"Unit 6984 Box 5483, DPO AP 67898",1606284638
PRV0313,"Cooper, Stewart and Perez",Primary Care,Harris,"39455 Tyler Ranch, Leonardton, TX 03002",1449168521
PRV0314,"Thompson, Davis and Robbins",Mental Health,Dallas,"90322 Shannon Plaza Suite 391, North Ashley, NJ 86506",443995200
PRV0315,Perez Group,Nutritionist,Dallas,"0058 Jeffrey Hills Suite 482, South Dianamouth, MD 60072",3154098018
PRV0316,"Moss, Brooks and Scott",Primary Care,Tarrant,"9494 Lewis Trace, Pamelachester, PA 26160",1063663936
PRV0317,"Adkins, Stokes and Brown",Specialist,Hays,"4200 Knox Prairie, Grayfort, SD 77432",3672037856
PRV0318,Kelly Ltd,Nutritionist,Bexar,"57641 Kristen Mill Suite 353, East Michaelview, CO 95313",7939701520
PRV0319,Leonard-Ball,Specialist,Bexar,"32136 Simon Stream Suite 563, North Lynn, GU 96273",9568516096
PRV0320,"Haynes, Burns and Bradford",Primary Care,El Paso,"USS Ramirez, FPO AP 56310",2711775925
PRV0321,Cowan PLC,Specialist,Harris,"1457 Rodriguez Trail, Margaretview, GU 45697",8107562335
PRV0322,Harvey-Pittman,Primary Care,Travis,"083 Michael Turnpike Suite 834, Escobarport, IA 39772",1049454272
PRV0323,Jackson Ltd,Specialist,Harris,"12386 Owen Course Apt. 445, East Morgan, SC 18532",112375008
PRV0324,"Wong, Arnold and Sullivan",Primary Care,El Paso,"62580 Byrd Burgs Suite 737, East Amberfort, AZ 14328",4096813549
PRV0325,"Lewis, Miller and Johnson",Primary Care,Bexar,"343 Wilson Brook, Cindychester, LA 53513",3557265268
PRV0326,"Reynolds, Phillips and Jackson",Nutritionist,Tarrant,"2822 Smith Coves Suite 520, New Joseburgh, CO 87243",5456278090
PRV0327,Nelson-Rodriguez,Mental Health,Bexar,"94188 Foster Spring, Hannahbury, DE 49830",1347631483
PRV0328,Taylor and Sons,Primary Care,Dallas,"1631 Ronald Gateway, Schneiderview, OR 56419",7839934828
PRV0329,Vaughan-Martin,Primary Care,Bexar,"20515 Tina Haven, Lake Frank, PA 11588",9059215776
PRV0330,Russell-Decker,Specialist,Tarrant,"404 Tyler Centers Apt. 882, East Bryan, NE 97217",528339704
PRV0331,Baldwin-Thomas,Primary Care,Williamson,"321 Janice Branch, East Jeffreystad, KY 02071",1318370221
PRV0332,Bentley Group,Primary Care,Dallas,"162 Cross Flats Apt. 592, Lake Matthew, ID 36105",4703953190
PRV0333,"Fuller, Jackson and Durham",Nutritionist,Tarrant,"PSC 0986, Box 2046, APO AP 07136",3946390979
PRV0334,Mack-Garcia,Specialist,El Paso,"280 Turner Shore Suite 050, Armstrongmouth, OH 45017",4523841029
PRV0335,Miller Inc,Specialist,Travis,"Unit 3098 Box 2604, DPO AE 62863",230014194
PRV0336,Johnson-Francis,Specialist,Dallas,"11217 Campbell Ford, Jenkinsberg, WY 83967",4921946374
PRV0337,Hebert-Thompson,Pediatrics,Dallas,"076 Ronald Turnpike Apt. 800, Andradebury, MD 76531",7732292235
PRV0338,Smith and Sons,Primary Care,Hays,"31501 White Square Suite 127, New Desiree, AK 18936",8054195271
PRV0339,"King, Jacobs and Williams",Mental Health,Williamson,"Unit 8491 Box 9009, DPO AA 55447",8319569540
PRV0340,Singleton Group,Specialist,Dallas,"567 Morris Junctions, West Mckenzieshire, NV 91703",6434513873
PRV0341,Wilkerson-Woods,Specialist,Williamson,"010 Nicholas Fords, Anthonyberg, SD 37097",9398048126
PRV0342,Lamb Ltd,Primary Care,Harris,"791 Cindy Squares Apt. 355, South Austin, WA 12142",6444752112
PRV0343,Cox Group,Mental Health,Dallas,"4269 Tiffany Lock, Walshmouth, OK 06365",8026164833
PRV0344,Armstrong-King,Primary Care,Tarrant,"532 Kemp Road Suite 482, Nicolemouth, TX 37202",2786121994
PRV0345,Lester Inc,Primary Care,Travis,"598 Charles Ports, Crosbybury, CT 69556",7769959854
PRV0346,Robinson-Gomez,Specialist,El Paso,"295 Laura Fall, Arellanoton, WA 76457",3148155174
PRV0347,Clark Inc,Primary Care,Dallas,"711 Smith Springs Apt. 889, Annachester, WV 53902",9096325906
PRV0348,"Allen, English and Robles",Pediatrics,Travis,"246 Holmes Squares, Robertsonshire, VI 05608",5497612555
PRV0349,"Johnson, Miller and Cooper",Nutritionist,Hays,"3332 Robertson Mission Apt. 368, Port Brandon, IL 39910",8140614217
PRV0350,Morris-Jenkins,Specialist,Travis,"91032 Hull Park, Lutzberg, ID 37502",222219172
PRV0351,Manning-Romero,Specialist,Hays,"768 Johnson Vista, Lake Christopher, MD 67252",8719932335
PRV0352,"Miller, Taylor and Kim",Primary Care,Dallas,"87892 Mclaughlin Keys Suite 933, Butlerside, MS 28902",8682033473
PRV0353,Gibbs LLC,Primary Care,Harris,"3188 David Walk Suite 293, Calhounchester, TN 81872",6751812009
PRV0354,Gillespie-Lewis,Pediatrics,Dallas,"3896 Payne Lock, North Jonhaven, FL 17717",4988586792
PRV0355,"Brown, Waters and Edwards",Nutritionist,Harris,"4922 Smith Curve Suite 697, Michaelton, AR 29344",8932122740
PRV0356,Hicks and Sons,Nutritionist,El Paso,"689 Ramsey Burg, Jonesburgh, WY 70071",2296307101
PRV0357,Rollins-Levy,Pediatrics,Dallas,"2035 Mark Lakes, Lynchside, OK 31118",1347907883
PRV0358,"Patton, Moyer and Phillips",Pediatrics,Hays,"32526 Hernandez Meadow, New Shawnfurt, ME 76975",9897426689
PRV0359,"Mcguire, Li and Thomas",Primary Care,Harris,"035 Scott Brook Apt. 898, Lake Robinmouth, MA 14254",8589181816
PRV0360,"Garza, Alvarado and Miller",Primary Care,Travis,"172 English Roads Suite 466, Lake Victor, GU 17472",2739668895
PRV0361,"Myers, Wilson and Thompson",Nutritionist,Dallas,"67384 Erica Station Apt. 676, West Jeanette, OH 80944",3222573674
PRV0362,Thompson Ltd,Primary Care,Travis,"001 Margaret Station Suite 657, Johnsonside, PA 79590",6689316206
PRV0363,Scott Inc,Pediatrics,Tarrant,"089 Alan Centers, East Shannonside, GU 20120",2635056896
PRV0364,Johnson-Russell,Primary Care,El Paso,"6868 Johnny Stravenue Suite 175, Halltown, NJ 91175",8187161919
PRV0365,Moore-Dixon,Primary Care,Williamson,"51969 Alicia Canyon Apt. 456, Griffinhaven, MT 00606",5267590145
PRV0366,Gray-Davenport,Specialist,Harris,"USCGC York, FPO AP 45597",4976413227
PRV0367,"Beard, Glass and Berry",Pediatrics,Hays,"639 Angela Meadows Apt. 730, Ryanstad, VA 55516",5748720370
PRV0368,Garcia-Hernandez,Primary Care,Travis,"6402 Rodriguez Motorway Suite 273, Jennifermouth, LA 95583",5605908417
PRV0369,"Reynolds, Sutton and Schmidt",Specialist,Dallas,"0745 Snyder Hill Apt. 908, West Christineburgh, SC 84776",2776099671
PRV0370,Cowan Inc,Primary Care,Hays,"3788 Underwood Throughway Suite 331, East Daleton, AK 60811",9332978946
PRV0371,Bray-Richardson,Specialist,Tarrant,"147 Kathleen Radial Apt. 169, North Brenda, LA 09955",7020570793
PRV0372,Bray-Hernandez,Specialist,El Paso,"PSC 2486, Box 3910, APO AE 58709",7632127498
PRV0373,Cortez-Williamson,Pediatrics,Dallas,"897 Shaffer Light Suite 321, North Adambury, NC 14674",8423579880
PRV0374,"Morales, Martin and Gonzalez",Specialist,Hays,"62067 Jill Lakes Suite 340, Port Kathleen, NY 40157",6957721505
PRV0375,"Yates, Lamb and Ramos",Primary Care,Harris,"848 Jason Extensions Apt. 471, Wilkersonborough, ID 30834",1358248000
PRV0376,Jones and Sons,Specialist,Williamson,"838 Amanda Cape, South Amandaberg, MN 68854",7649823922
PRV0377,"Kemp, Santana and Irwin",Primary Care,Williamson,"710 Sanford Manor, North Donnaview, WV 07224",1135748209
PRV0378,"Brown, Robbins and Jones",Specialist,El Paso,"3054 Douglas Centers Suite 226, Mariaberg, TN 00944",7671760742
PRV0379,Mcfarland-Garcia,Specialist,El Paso,"9354 Taylor Lodge, Elizabethstad, NC 76744",2136441202
PRV0380,"Velasquez, White and Shepard",Pediatrics,Travis,"59021 Nathan Port Suite 064, Lake Mary, KY 37071",1873697925
PRV0381,Duncan LLC,Specialist,Tarrant,"44317 Meghan Falls Suite 058, Nathanland, GU 14191",1219594334
PRV0382,Wright-Johnson,Nutritionist,Harris,"5201 Ramirez Lock, Port Christopherbury, DE 51331",8122770375
PRV0383,Romero-Malone,Specialist,Hays,"710 Bryant Ramp, Lake Ronald, NY 13235",8239316001
PRV0384,Mosley LLC,Pediatrics,Dallas,"7116 Coleman Summit Apt. 040, South Robertoport, DE 52236",6330800552
PRV0385,Jones-Robinson,Primary Care,Tarrant,"USNS Marks, FPO AA 68113",5609789164
PRV0386,Bowman-Wells,Mental Health,Travis,"9236 Wood Ridges, Hobbston, WA 47073",2816497257
PRV0387,"Ruiz, Briggs and Brown",Primary Care,Tarrant,"USNS Vega, FPO AE 66360",7345731077
PRV0388,White-Jones,Primary Care,Harris,"087 Brendan Loop, Port Katiebury, MO 08689",3152187487
PRV0389,Robinson-Baldwin,Specialist,Dallas,"065 Hatfield Meadow Apt. 237, New Mary, VA 94855",5522276794
PRV0390,"Castaneda, Harding and Williams",Primary Care,Hays,"06701 Smith Manors, Michaelland, IN 91646",2319166862
PRV0391,Wright-Simon,Primary Care,Hays,"9550 Walsh Wall, Mendezshire, MP 40508",9300981632
PRV0392,Rivera PLC,Specialist,El Paso,"673 Warner Ports, Greenebury, AK 73636",3981813410
PRV0393,Beasley Ltd,Primary Care,El Paso,"695 Ashley Summit, Mariafurt, DE 48083",102279257
PRV0394,Ford-Wilson,Specialist,Tarrant,"9050 Jack Brook, Elijahtown, NJ 22136",5624840697
PRV0395,Torres Group,Specialist,Tarrant,"556 Maxwell Brooks, Lake Christinestad, OR 64752",5684969035
PRV0396,Allison Ltd,Pediatrics,Travis,"745 Theresa Spur Apt. 393, Andreamouth, PW 57560",8043516144
PRV0397,"Villa, Smith and Gentry",Mental Health,Hays,"PSC 7704, Box 5619, APO AA 09561",1987675621
PRV0398,"Garcia, Green and Duffy",Specialist,Tarrant,"90722 Medina Groves Suite 857, Johnsonmouth, HI 81573",4319504589
PRV0399,Jones-Jones,Primary Care,Williamson,"019 Garcia Cape Suite 065, Noblemouth, MH 62534",4346148912
PRV0400,"Lee, Love and Mclaughlin",Primary Care,Dallas,"7053 David Points, East Carolland, CT 53973",6695580598
PRV0401,"Rojas, Wright and Dunlap",Primary Care,Bexar,"961 Lynn Terrace Suite 464, Jeffreyberg, OH 56755",7112865881
PRV0402,"Little, Castillo and Williams",Primary Care,Harris,"930 Gregory Place Suite 030, Adkinsmouth, ME 93947",8546540881
PRV0403,"Lloyd, Jensen and Rowe",Primary Care,Travis,"212 Jones Radial Suite 954, New Brandy, NY 31409",4350215518
PRV0404,Williams-Randolph,Specialist,Bexar,"9301 Hines Wells, New Bethany, OR 86160",5549379389
PRV0405,"Mathis, Vance and Jones",Primary Care,Williamson,"75441 Potts Cove Suite 655, Donnaland, AS 79952",7055173956
PRV0406,Green PLC,Primary Care,Williamson,"4077 Estes Oval, Lake Elizabethton, FL 70979",692463236
PRV0407,Collins-Pierce,Pediatrics,Travis,"PSC 0985, Box 4755, APO AP 62530",656291767
PRV0408,"Vance, Daniel and Chavez",Primary Care,El Paso,"0612 Joshua Cliffs Suite 692, West Thomas, FM 38460",6786342296
PRV0409,Molina-Turner,Specialist,El Paso,"PSC 1861, Box 3643, APO AP 03514",1254057296
PRV0410,"Santiago, Wright and Schultz",Specialist,Hays,"850 Zachary Shoal Suite 499, Jonesberg, IN 84360",9081248554
PRV0411,"Bailey, Brown and Turner",Nutritionist,Dallas,"30355 Joanne Squares, Harryhaven, UT 92876",8050915239
PRV0412,"Castillo, White and Shaffer",Primary Care,Bexar,"9016 Montgomery Trace Suite 422, Garciatown, OR 17750",8620721520
PRV0413,Dougherty-Cruz,Mental Health,Travis,"1329 Olivia Forges, Harrisburgh, MA 50293",2696350818
PRV0414,Baker-Larson,Specialist,Bexar,"234 Joseph Shore Suite 212, Josephfort, MT 32493",3766220340
PRV0415,Price Group,Primary Care,El Paso,"551 Garrison Ridge, Guerreroside, MO 76383",5111012781
PRV0416,Martinez and Sons,Nutritionist,Harris,"348 Jaime Via Apt. 696, Clarkfort, AK 51728",6146933172
PRV0417,Brown PLC,Specialist,El Paso,"89457 David Row, Port Thomas, FL 86115",4887701205
PRV0418,Jones-Smith,Specialist,Williamson,"69662 Parker Neck Suite 506, East Jefferymouth, WI 03150",1510885174
PRV0419,"Hoover, Reed and Wu",Pediatrics,Harris,"Unit 8648 Box 6636, DPO AA 13300",9116136454
PRV0420,Thomas-Jones,Primary Care,Hays,"53661 Russell Stream, Port Jacob, AK 21325",7811636898
PRV0421,"Morgan, Mejia and Francis",Pediatrics,El Paso,"46219 Michelle Fort, Nancyport, MT 26155",2946506651
PRV0422,Pitts and Sons,Mental Health,Hays,"413 Geoffrey Trail, West Amandaview, OK 76833",1248866511
PRV0423,Taylor and Sons,Specialist,Dallas,"Unit 1009 Box 5149, DPO AE 10019",757600715
PRV0424,"Allen, Hawkins and Small",Mental Health,Harris,"30923 Valentine Radial Apt. 935, Ortizstad, NH 33940",547154161
PRV0425,"Johnson, Hampton and Jackson",Specialist,El Paso,"90566 Shields Manors, New Chad, MA 74693",6770602786
PRV0426,"Trevino, Dunlap and Bates",Primary Care,El Paso,"Unit 2735 Box 5709, DPO AE 30834",2276544338
PRV0427,Meyers Ltd,Primary Care,Williamson,"USNS Smith, FPO AA 34343",5176147171
PRV0428,"Flores, Evans and Nash",Specialist,Travis,"294 Michael Grove, Ryanborough, ME 49899",7490467110
PRV0429,Morris Ltd,Primary Care,Williamson,"57675 Mallory Mountain Apt. 663, New Emilyberg, SD 32777",2565197326
PRV0430,"Henry, Graham and Miller",Specialist,Travis,"032 Maria Turnpike, West Mikayla, TX 97779",9055459606
PRV0431,Rogers PLC,Mental Health,Bexar,"500 Susan Pine Apt. 649, West Danaville, MO 39803",9361453585
PRV0432,"Maldonado, Malone and Gibbs",Specialist,Williamson,"535 Ryan Ports Suite 321, Roberttown, MH 01149",581135321
PRV0433,"Martin, Johnson and Thomas",Pediatrics,Dallas,"PSC 0833, Box 7084, APO AA 78465",5499982387
PRV0434,"Frye, Baker and Valdez",Specialist,Bexar,"PSC 3483, Box 7692, APO AE 89781",2249375137
PRV0435,Mcmillan PLC,Specialist,Williamson,"3704 Rogers Vista, Jamesfort, AL 77308",9839271828
PRV0436,"Robbins, Nguyen and Gordon",Specialist,Tarrant,"997 Gary Course, Aliciahaven, PR 46109",917887894
PRV0437,Peterson-Ramirez,Specialist,Hays,"5088 Mueller Forest, New Kelsey, DE 90967",551007681
PRV0438,Yu PLC,Primary Care,Dallas,"3144 Joseph Wall Suite 825, West Natalie, AZ 55028",6301745775
PRV0439,Turner PLC,Primary Care,Williamson,"010 Melvin Union Suite 619, Beltranshire, ME 73960",5321933875
PRV0440,Baker-Parker,Specialist,Hays,"8559 Melissa Crest, North Davidbury, UT 36459",406285449
PRV0441,Berry LLC,Primary Care,Dallas,"PSC 1558, Box 1741, APO AP 65127",9875305181
PRV0442,Webster-Sanchez,Primary Care,Travis,"4982 Scott Hill Suite 731, North Davidshire, ME 42089",8195049038
PRV0443,Madden PLC,Primary Care,Harris,"5684 Nathan Passage, Justinton, WY 51312",5371856129
PRV0444,"Cross, Tucker and Hernandez",Primary Care,Harris,"0728 Bell Circle, Port Sherri, FM 04546",8348921675
PRV0445,"Smith, Choi and Johnson",Primary Care,Bexar,"6712 Fernandez Mountain, New Karen, WA 58851",8221799327
PRV0446,Martin-Rodriguez,Mental Health,Harris,"885 Yoder Vista, Maldonadoland, AZ 32881",3556327561
PRV0447,Griffith LLC,Primary Care,El Paso,"699 Yates Garden, East Hunterland, PA 19508",9005276344
PRV0448,Sampson-Gutierrez,Primary Care,Travis,"957 Shepard Route, Sarahmouth, ID 90797",7466446814
PRV0449,"Freeman, Mcmahon and Burnett",Primary Care,Hays,"9303 Singleton Orchard, Carpenterstad, CA 35969",3680290958
PRV0450,"Harmon, Morris and Clark",Primary Care,Dallas,"93354 Vincent Port Suite 928, South Philipchester, WA 28378",3626430997
PRV0451,Lucas-Santos,Nutritionist,El Paso,"USNV Hall, FPO AP 20344",5871433497
PRV0452,"Church, Castillo and Powell",Mental Health,Bexar,"014 Vincent Oval Apt. 908, Danaville, PR 71402",6012576518
PRV0453,Cruz-Shepard,Nutritionist,Bexar,"7256 Edward Plains Suite 882, Karenberg, NM 88550",8356810282
PRV0454,"Goodwin, Archer and Clark",Primary Care,Harris,"USNV Hernandez, FPO AA 63724",5350053769
PRV0455,Sanders and Sons,Primary Care,Tarrant,"6943 Miller Shore Suite 926, West Amanda, MH 23493",6895380739
PRV0456,Oliver and Sons,Pediatrics,Harris,"095 Smith Underpass Suite 685, Robertsontown, ND 85663",8846268680
PRV0457,Coleman-Crane,Nutritionist,El Paso,"66557 Harris Islands, Timothystad, CT 15599",9411694172
PRV0458,Thomas-Benitez,Specialist,Williamson,"2266 Thomas Stravenue Apt. 178, Lake Michaelborough, ME 29553",6078688353
PRV0459,Hawkins PLC,Primary Care,Bexar,"4181 Richardson Viaduct Suite 354, Robertside, GU 52973",6039581253
PRV0460,Smith-Smith,Primary Care,Williamson,"06264 Mark Dam, Madisonmouth, AR 92497",9444313394
PRV0461,Sullivan Group,Primary Care,Hays,"50540 Troy Locks, Lake Michellebury, PR 97671",4471661639
PRV0462,"Ward, Frost and Medina",Primary Care,Bexar,"806 Steven Village Suite 911, West Marilynhaven, NM 57665",2927714771
PRV0463,"Hayes, Young and Ramos",Primary Care,El Paso,"5729 Edwards Plains, Whiteland, VT 35095",2388326285
PRV0464,Martinez-Young,Pediatrics,Harris,"64954 Haley Trail Apt. 257, Longfurt, WY 22442",5671109018
PRV0465,Santos and Sons,Primary Care,Dallas,"144 Joseph Mall, North Marissa, MA 75707",3449099459
PRV0466,"Andrews, Mendoza and Blevins",Specialist,El Paso,"7577 Kirby Burgs, West Amymouth, GU 29240",1791677825
PRV0467,Cole Inc,Specialist,Hays,"189 Matthew Road Apt. 742, South Gregoryfort, DC 28675",4255930990
PRV0468,"Lambert, Lester and Chung",Specialist,Harris,"59324 Stokes Turnpike Apt. 434, Bairdstad, TX 70919",2893154246
PRV0469,Graham-Valenzuela,Primary Care,Williamson,"00223 Richardson Cliffs, Paulchester, NJ 77130",8922827433
PRV0470,Henson-Stephens,Specialist,Williamson,"867 Joshua Fork Apt. 214, Laurenfurt, MI 18198",8985463644
PRV0471,"Washington, Martinez and Ward",Nutritionist,Dallas,"4064 Peter Alley Apt. 390, East Travismouth, FM 64106",6718671818
PRV0472,Vaughan-Garcia,Pediatrics,Bexar,"28539 Sean Haven, New Pamela, CO 25999",1768916864
PRV0473,Rose-Martin,Primary Care,Dallas,"44437 Jack Fall Apt. 349, Rachelhaven, NV 79741",4608380743
PRV0474,Lloyd Ltd,Primary Care,Travis,"5867 Villegas Plains Suite 845, Blanchardfort, OK 67064",6011590176
PRV0475,"Hernandez, Moore and Moses",Specialist,Tarrant,"7479 Doyle Keys, West Kimberly, IL 61355",1282300156
PRV0476,Sutton-Weiss,Specialist,Hays,"757 Deborah Crescent Apt. 855, Lake Michael, MO 96891",1466729407
PRV0477,Mitchell-Wilkinson,Primary Care,Travis,"4552 Taylor Prairie Apt. 514, Romanland, RI 30498",453649262
PRV0478,"Miranda, Chavez and Becker",Mental Health,Bexar,"96692 Lewis Stravenue Suite 490, North Elizabeth, CO 53394",1021965866
PRV0479,Anderson-Brown,Nutritionist,Harris,"1095 Mark Stravenue Apt. 909, Colemanmouth, AK 25753",2903607558
PRV0480,Mann Inc,Nutritionist,Hays,"27688 Megan Plain, Lake Benjamin, OH 41567",9542038166
PRV0481,Davis-Walker,Nutritionist,Bexar,"4534 Taylor Ports, Lake Brandy, AL 97059",5700183801
PRV0482,Johnson-Zimmerman,Primary Care,Travis,"360 Brandon Islands Suite 270, West Susan, NV 49909",1310572284
PRV0483,Sherman-Travis,Pediatrics,Harris,"851 Casey Path, Christopherview, AR 54677",6120391450
PRV0484,Ware LLC,Primary Care,Dallas,"PSC 6958, Box 9146, APO AA 56092",6196911023
PRV0485,"Dennis, White and Rush",Primary Care,Travis,"8044 Hammond Valleys, Lake Kelly, VT 60101",9329982241
PRV0486,"Lynn, Pierce and Monroe",Pediatrics,Bexar,"0931 Molina Landing Suite 387, West John, AR 24111",951970478
PRV0487,Baldwin-Hudson,Primary Care,Dallas,"0953 Daniel Curve, North Melissafort, WV 45318",2761352934
PRV0488,Perez-Frey,Primary Care,Hays,"52754 Chloe Vista Suite 113, West Juliabury, NE 34754",5228681680
PRV0489,Gomez-Fry,Pediatrics,Williamson,"4868 Jamie Rapid Suite 317, South Daniel, PW 34910",3954857963
PRV0490,"Campbell, Peterson and Hall",Nutritionist,Travis,"9277 Amber Plains Apt. 845, Morgantown, VA 12793",7299582874
PRV0491,Guerrero Ltd,Mental Health,Travis,"810 Melissa Key, Port Amandashire, ID 81681",9575072847
PRV0492,Foster-Patton,Pediatrics,Tarrant,"85247 Maria Inlet Suite 702, Georgeport, MD 24469",4546862146
PRV0493,Williamson-Wood,Specialist,Harris,"7969 Miller Inlet Apt. 713, South Wendy, FM 58052",7988311878
PRV0494,"Phillips, Smith and Miller",Mental Health,Dallas,"Unit 8949 Box 2631, DPO AE 43905",4734873661
PRV0495,Montes and Sons,Primary Care,El Paso,"06028 Wilkins Forge, Sharpshire, NH 07153",3005569309
PRV0496,Medina-Leach,Specialist,Travis,"527 Rogers Ville Apt. 402, East Garyfort, FM 25762",1428212608
PRV0497,Anderson PLC,Primary Care,Travis,"5667 Fuller Club, Jacksontown, HI 98634",4889164967
PRV0498,Knox-Allen,Primary Care,Williamson,"1944 Manuel Trace Apt. 885, Reynoldsshire, WV 63581",586881169
PRV0499,"Brooks, Patel and Cross",Specialist,Tarrant,"87131 Brian Street, South Aprilfort, MH 87165",7774517531
PRV0500,"Walker, Sharp and Garcia",Primary Care,El Paso,"246 Daniel Wall Suite 990, Port Shellyshire, MS 35181",9030901338
